{
  "txt": {
    "PP--K17": {
      "jaccard": [
        0.2631578947368421,
        0.49690721649484537,
        0.5085904304452245,
        0.5301063562515702,
        0.5458679796804495
      ],
      "braycurtis": [
        0.05344714324915391,
        0.0762979031693087,
        0.09892280880462613,
        0.12174490603064853,
        0.14458437449327907
      ],
      "dice": [
        0.15151515151515152,
        0.33058984910836764,
        0.34101325405673233,
        0.3606426618049225,
        0.37539093565967496
      ],
      "cosinus": [
        0.008688391930682937,
        0.009477517520677048,
        0.009978510804659946,
        0.010251316535808686,
        0.010403278187837595
      ]
    }
  },
  "json": {
    "lg--lg": {
      "jaccard": [
        0.08888888888888889,
        0.31868131868131866,
        0.4603756298671553,
        0.5364183440547832,
        0.5784181483752299
      ],
      "braycurtis": [
        0.16258114523786454,
        0.18012693183469794,
        0.2037467700258398,
        0.22554387324967295,
        0.24451981781180346
      ],
      "dice": [
        0.046511627906976744,
        0.1895424836601307,
        0.2990181493603094,
        0.3665107046646817,
        0.4068834641594065
      ],
      "cosinus": [
        0.011846795892078488,
        0.01705938088435921,
        0.020968841854694165,
        0.024761347266407996,
        0.028229571358279304
      ]
    }
  }
}