{
  "txt": {
    "PP--K17": {
      "jaccard": [
        0.2631578947368421,
        0.49690721649484537,
        0.5085904304452245,
        0.5301063562515702,
        0.5458679796804495
      ],
      "braycurtis": [
        0.05344714324915391,
        0.0762979031693087,
        0.09892280880462613,
        0.12174490603064853,
        0.14458437449327907
      ],
      "dice": [
        0.15151515151515152,
        0.33058984910836764,
        0.34101325405673233,
        0.3606426618049225,
        0.37539093565967496
      ],
      "cosinus": [
        0.008688391930682937,
        0.009477517520677048,
        0.009978510804659946,
        0.010251316535808686,
        0.010403278187837595
      ]
    }
  },
  "json": {
    "md--md": {
      "jaccard": [
        0.11363636363636363,
        0.34050179211469533,
        0.503155237694573,
        0.5846323124885384,
        0.6277511961722488
      ],
      "braycurtis": [
        0.29576481877262617,
        0.3062461833725901,
        0.32440567066521264,
        0.3423922526609667,
        0.3585132836016228
      ],
      "dice": [
        0.060240963855421686,
        0.20518358531317496,
        0.3361439010680157,
        0.41306037833635656,
        0.45746164574616455
      ],
      "cosinus": [
        0.025579780684621856,
        0.036381204845217896,
        0.04483442535234139,
        0.053094974801835115,
        0.060854605273880535
      ]
    }
  }
}