{
  "txt": {
    "OCR--propre": {
      "jaccard": [
        0.3283582089552239,
        0.44434706397896584,
        0.4096882246843597,
        0.42220036071487127,
        0.45046428310301967
      ],
      "braycurtis": [
        0.02861131196272194,
        0.04337401425547887,
        0.06121987838373897,
        0.0814723036095817,
        0.10459452673863921
      ],
      "dice": [
        0.19642857142857142,
        0.2856338028169014,
        0.2576150356448477,
        0.2675880702483633,
        0.2907091964327844
      ],
      "cosinus": [
        0.0023231034320939647,
        0.0028454010147198616,
        0.0032620564781344896,
        0.0035261567620595846,
        0.003697873744567759
      ]
    }
  },
  "json": {
    "OCR--propre": {
      "jaccard": [
        0.20930232558139536,
        0.4143646408839779,
        0.5550581915846016,
        0.6170506912442396,
        0.6530141332564177
      ],
      "braycurtis": [
        0.22633117295717373,
        0.2461870869344179,
        0.26943773568916574,
        0.2889016018306636,
        0.30603941513032423
      ],
      "dice": [
        0.11688311688311688,
        0.2613240418118467,
        0.38413878562577447,
        0.4461846051316228,
        0.484796573875803
      ],
      "cosinus": [
        0.015640917916721064,
        0.022373139254546426,
        0.028255739234998356,
        0.034415284013738945,
        0.04033920572586891
      ]
    }
  }
}
