{
  "txt": {
    "PP--OCR": {
      "jaccard": [
        0.36046511627906974,
        0.6193323368211261,
        0.6300995024875622,
        0.6436191895196998,
        0.6538469147526065
      ],
      "braycurtis": [
        0.05309765111378717,
        0.0782926622053887,
        0.1061536916387178,
        0.13625299329028792,
        0.16770562590947213
      ],
      "dice": [
        0.2198581560283688,
        0.4485745218332732,
        0.45996005084437985,
        0.47451216099982385,
        0.4857151255070249
      ],
      "cosinus": [
        0.005403772941388163,
        0.006177553323348461,
        0.0067274850478091786,
        0.007019690683886082,
        0.007190221571085731
      ]
    }
  },
  "json": {
    "lg--sm": {
      "jaccard": [
        0.0,
        0.15571776155717762,
        0.2852962692026335,
        0.33396155295891444,
        0.36115761779478595
      ],
      "braycurtis": [
        0.15971527082638193,
        0.1826372281853067,
        0.2010381905821283,
        0.21500083430669115,
        0.22689954388697298
      ],
      "dice": [
        0.0,
        0.08443271767810026,
        0.16638225255972697,
        0.20045248868778281,
        0.22037361354349094
      ],
      "cosinus": [
        0.007788878615988315,
        0.011001017498873944,
        0.01396125415642735,
        0.01706241707156242,
        0.02091059852196131
      ]
    },
    "lg--lg": {
      "jaccard": [
        0.1836734693877551,
        0.4629032258064516,
        0.6529456193353474,
        0.7323728813559321,
        0.7690767073903465
      ],
      "braycurtis": [
        0.24650977263661747,
        0.2773373223635004,
        0.3181742628237093,
        0.3523911634169451,
        0.38208657490524633
      ],
      "dice": [
        0.10112359550561797,
        0.3011542497376705,
        0.4847210541070928,
        0.5777510362347907,
        0.6247966156849983
      ],
      "cosinus": [
        0.02037543451099022,
        0.028064307393966814,
        0.03372795027026787,
        0.03991567069944302,
        0.04750551817027826
      ]
    },
    "lg--md": {
      "jaccard": [
        0.022727272727272728,
        0.1388888888888889,
        0.2340764331210191,
        0.2728029987505206,
        0.2929427430093209
      ],
      "braycurtis": [
        0.1421948323627523,
        0.16091824041614836,
        0.17677881443784751,
        0.18929540827866997,
        0.19950234688684046
      ],
      "dice": [
        0.011494252873563218,
        0.07462686567164178,
        0.13255184851217314,
        0.15794550277308897,
        0.17160686427457097
      ],
      "cosinus": [
        0.006390523364029788,
        0.008188565488494226,
        0.010260753609744211,
        0.012741307484081754,
        0.015773953767596938
      ]
    },
    "sm--lg": {
      "jaccard": [
        0.1836734693877551,
        0.49767441860465117,
        0.7043390514631686,
        0.7908870161405513,
        0.8297455968688845
      ],
      "braycurtis": [
        0.40731755038153006,
        0.42960006261250683,
        0.46310283202233266,
        0.4925250469630557,
        0.517952330632852
      ],
      "dice": [
        0.10112359550561797,
        0.33126934984520123,
        0.543613707165109,
        0.6541051388068517,
        0.7090301003344481
      ],
      "cosinus": [
        0.05940118970371422,
        0.07318785137274353,
        0.0825638024674612,
        0.09378825054797868,
        0.10802781356672464
      ]
    },
    "sm--md": {
      "jaccard": [
        0.022727272727272728,
        0.14769975786924938,
        0.273992673992674,
        0.3278257604205783,
        0.35403283369022126
      ],
      "braycurtis": [
        0.05639668773580283,
        0.08967071736573892,
        0.11314744940461606,
        0.13160344996569637,
        0.1473854447439353
      ],
      "dice": [
        0.011494252873563218,
        0.07973856209150326,
        0.15874363327674024,
        0.1960476083539187,
        0.21509106678230702
      ],
      "cosinus": [
        0.0044922908496505265,
        0.007427640378818157,
        0.009976676463624323,
        0.012719094144435061,
        0.016121387788969765
      ]
    },
    "sm--sm": {
      "jaccard": [
        0.1836734693877551,
        0.4685099846390169,
        0.6717709720372836,
        0.7608081378920599,
        0.8019027654599694
      ],
      "braycurtis": [
        0.2743218870460091,
        0.3163813835054463,
        0.3644326554671382,
        0.4060797906203579,
        0.44294556644148125
      ],
      "dice": [
        0.10112359550561797,
        0.3059177532597793,
        0.505764411027569,
        0.6139550792383993,
        0.6693135935397039
      ],
      "cosinus": [
        0.03129058124281958,
        0.045664862700075415,
        0.057155285251100474,
        0.07006618756718608,
        0.0851791157700581
      ]
    },
    "md--sm": {
      "jaccard": [
        0.21568627450980393,
        0.4701492537313433,
        0.6744336569579288,
        0.765145340939962,
        0.8073925457211204
      ],
      "braycurtis": [
        0.24874583470650702,
        0.2907572872418339,
        0.34119456549602667,
        0.38597744085548963,
        0.4259219923091009
      ],
      "dice": [
        0.12087912087912088,
        0.3073170731707317,
        0.5087890625,
        0.6196238037619624,
        0.6769977353607247
      ],
      "cosinus": [
        0.021627081722517705,
        0.031114065802449242,
        0.039399945835570827,
        0.04836137014986075,
        0.059144351235414505
      ]
    },
    "md--md": {
      "jaccard": [
        0.19607843137254902,
        0.48338368580060426,
        0.6884704327717212,
        0.7735744089012517,
        0.8116045278239531
      ],
      "braycurtis": [
        0.25964314799733473,
        0.29348832043830747,
        0.33525840367244186,
        0.3719225500721928,
        0.4043243243243243
      ],
      "dice": [
        0.10869565217391304,
        0.3187250996015936,
        0.5249370277078086,
        0.6307552733046042,
        0.6829414507426896
      ],
      "cosinus": [
        0.027883099352894236,
        0.03741222392622168,
        0.044571495608388134,
        0.052023080972843916,
        0.06121031167805302
      ]
    }
  }
}